RunNumber,stop.at,Result
,2,Passed
,2,Passed
,2,Passed
,2,Passed
,2,Passed
,2,Passed
,2,Passed
,2,Passed
,2,Passed
,2,Passed
,2,Passed
,2,Passed
,2,Passed
,2,Passed
,2,Passed
,2,Passed
,2,Passed
,2,Passed
,2,Passed
,2,Passed
,2,Passed
,2,Passed
,2,Passed
,2,Passed
,2,Passed
,2,Passed
,2,Passed
,2,Passed
,2,Passed
,2,Passed
,2,Passed
,2,Passed
,2,Passed
,2,Passed
,2,Passed
,2,Passed
,2,Passed
,2,Passed
,2,Passed
,2,Passed
,2,Passed
,2,Passed
,2,Passed
,2,Passed
,2,Passed
,2,Passed
,2,Passed
,2,Passed
,2,Passed
,2,Passed
,2,Passed
,2,Passed
,2,Passed
,2,Passed
,2,Passed
,2,Passed
,2,Passed
,2,Passed
,2,Passed
,2,Passed
,2,Passed
,2,Passed
,2,Passed
,2,Passed
,2,Passed
,2,Passed
,2,Passed
,2,Passed
,2,Passed
,2,Passed
,2,Passed
,2,Passed
,2,Passed
,2,Passed
,2,Passed
,2,Passed
,2,Passed
,2,Passed
,2,Passed
,2,Passed
,2,Passed
,2,Passed
,2,Passed
,2,Passed
,2,Passed
,2,Passed
,2,Passed
,2,Passed
,2,Passed
,2,Passed
,2,Passed
,2,Passed
,2,Passed
,2,Passed
,2,Passed
,2,Passed
,2,Passed
,2,Passed
,2,Passed
,2,Passed
,2,Passed
,2,Passed
,2,Passed
,2,Passed
,2,Passed
,2,Passed
,2,Passed
,2,Passed
,2,Passed
,2,Passed
,2,Passed
,2,Passed
,2,Passed
,2,Passed
,2,Passed
,2,Passed
,2,test
,2,test
,2,test
,2,test
,2,test
,2,test
,2,passed
,2,passed
,2,passed
,2,passed
,2,passed
,2,passed
,2,passed
,2,passed
,2,passed
,2,passed
,2,passed
,2,passed
,2,passed
,2,passed
,2,passed
,2,passed
,2,passed
,2,passed
,2,passed
,2,passed
,2,passed
,2,passed
,2,passed
,2,passed
,2,passed
,2,passed
,2,passed
,2,passed
,2,passed
,2,passed
,2,passed
,2,passed
,2,passed
,2,passed
,3,passed
,3,passed
,5,passed
,5,passed
,5,passed
,5,passed
,5,passed
,5,passed
,5,passed
,5,passed
,5,passed
,5,passed
,5,passed
,5,passed
,5,passed
,5,passed
,5,passed
,5,passed
,5,passed
,5,passed
,5,passed
,5,passed
,5,passed
,5,passed
,5,passed
,5,passed
,5,passed
,5,passed
,5,passed
,5,passed
,5,passed
,5,passed
,5,passed
,5,passed
,5,passed
,5,passed
,5,passed
,5,passed
,5,passed
,5,passed
,5,passed
,5,passed
,5,passed
,5,passed
,5,passed
,5,passed
,5,passed
,5,passed
,5,passed
,5,passed
,5,passed
,5,passed
,5,passed
,5,passed
,5,passed
,5,passed
,5,passed
,5,passed
,5,passed
,5,passed
,5,passed
,5,passed
,5,passed
,5,passed
,5,passed
,5,passed
,5,passed
,5,passed
,5,passed
,5,passed
,5,passed
,5,passed
,5,passed
,5,passed
,5,passed
,5,passed
,5,passed
,5,passed
,5,passed
,5,passed
,5,passed
,5,passed
,5,passed
,5,passed
,5,passed
,5,passed
,5,passed
,5,passed
,5,passed
,5,passed
,5,passed
,5,passed
,5,passed
,5,passed
,5,passed
,5,passed
,5,passed
,5,passed
,5,passed
,5,passed
,5,passed
,5,passed
,5,passed
,5,passed
,5,passed
,5,passed
,5,passed
,5,passed
,5,passed
,5,passed
,5,passed
,5,passed
,5,passed
,5,passed
,5,passed
,5,passed
,5,passed
,5,passed
,5,passed
,5,passed
,5,passed
,5,passed
,5,passed
,5,passed
,5,passed
,5,passed
,5,passed
,5,passed
,5,passed
,5,passed
,5,passed
,5,passed
,5,passed
,5,passed
,5,passed
,5,passed
,5,passed
,5,passed
,5,passed
,5,passed
,5,passed
,5,passed
,5,passed
,5,passed
,5,passed
,5,passed
,5,passed
,5,passed
,5,passed
,5,passed
,5,passed
,5,passed
,5,passed
,5,passed
,5,passed
,5,passed
,5,passed
,5,passed
,5,passed
,5,passed
,50,passed
,50,passed
,50,passed
,50,passed
,50,passed
,50,passed
,50,passed
,50,passed
,50,passed
,50,passed
,50,passed
,50,passed
,50,passed
,50,passed
,50,passed
,50,passed
,50,passed
,50,passed
,50,passed
,50,passed
,50,passed
,50,passed
,50,passed
,50,passed
,50,passed
,50,passed
,50,passed
,50,passed
,50,passed
,50,passed
,50,passed
,50,passed
,50,passed
,50,passed
,50,passed
,50,passed
,50,passed
,50,passed
,50,passed
,50,passed
,50,passed
,50,passed
,50,passed
,50,passed
,500,passed
,500,passed
,500,passed
,500,passed
,500,passed
,500,passed
,500,passed
,500,passed
,500,passed
,500,passed
,500,passed
,500,passed
,500,passed
,500,passed
,500,passed
,500,passed
,500,passed
,500,passed
,5,passed
,5,passed
,5,passed
,5,passed
,5,passed
,5,passed
,5,passed
,5,passed
,5,passed
,5,passed
,5,passed
,5,passed
,50,passed
,50,passed
,50,passed
,50,passed
,50,passed
,50,passed
,50,passed
,50,passed
,50,passed
,50,passed
,50,passed
,50,passed
,50,passed
,50,passed
,50,passed
,50,passed
,50,passed
,50,passed
,50,passed
,50,passed
,50,passed
,50,passed
,50,passed
,50,passed
,50,passed
,50,passed
,50,passed
,50,passed
,50,passed
,50,passed
,1144,passed
,1144,passed
,50,passed
,50,passed
,50,passed
,50,passed
,50,passed
,50,passed
,50,passed
,50,passed
,50,passed
,50,passed
,50,passed
,50,passed
,50,passed
,50,passed
,50,passed
,50,passed
,50,passed
,50,passed
,50,passed
,50,passed
,50,passed
,50,passed
,50,passed
,50,passed
,50,passed
,50,passed
,50,passed
,50,passed
,50,passed
,50,passed
,50,passed
,50,passed
,50,passed
,50,passed
,50,passed
,50,passed
,50,passed
,50,passed
,50,passed
,50,passed
,50,passed
,50,passed
,50,passed
,50,passed
,50,passed
,50,passed
,50,passed
,50,passed
,50,passed
,50,passed
,50,passed
,50,passed
,50,passed
,50,passed
,500,passed
,500,passed
,50,passed
,50,passed
,50,passed
,50,passed
,50,passed
,50,passed
,50,passed
,50,passed
,50,passed
,50,passed
,50,passed
,50,passed
,50,passed
,50,passed
,50,passed
,50,passed
,50,passed
,50,passed
,500,passed
,500,passed
,500,passed
,500,passed
,100,passed
,100,passed
,100,passed
,100,passed
,500,passed
,500,passed
,50,passed
,50,passed
,50,passed
,50,passed
,50,passed
,50,passed
,50,passed
,50,passed
,50,passed
,50,passed
,50,passed
,50,passed
,50,passed
,50,passed
,50,passed
,50,passed
,50,passed
,50,passed
,50,passed
,50,passed
,50,passed
,50,passed
,50,passed
,50,passed
,50,passed
,50,passed
,50,passed
,50,passed
,50,passed
,50,passed
,50,passed
,50,passed
,50,passed
,50,passed
,50,passed
,50,passed
,50,passed
,50,passed
,50,passed
,50,passed
,50,passed
,50,passed
,50,passed
,50,passed
,50,passed
,50,passed
,50,passed
,50,passed
,50,passed
,50,passed
,100,passed
,100,passed
,1000,passed
,1000,passed
,1000,passed
,1000,passed
,100,passed
,100,passed
,100,passed
,100,passed
,100,passed
,100,passed
,100,passed
,100,passed
,100,passed
,100,passed
,100,passed
,100,passed
,100,passed
,100,passed
,100,passed
,100,passed
,100,passed
,100,passed
,100,passed
,100,passed
,100,passed
,100,passed
,100,passed
,100,passed
,100,passed
,100,passed
,200,passed
,200,passed
,100,passed
,100,passed
,100,passed
,100,passed
